{
    "name": "root",
    "gauges": {
        "KartAgent.Policy.Entropy.mean": {
            "value": 1.443799376487732,
            "min": 1.443799376487732,
            "max": 2.0359292030334473,
            "count": 90
        },
        "KartAgent.Policy.Entropy.sum": {
            "value": 18174.546875,
            "min": 10727.923828125,
            "max": 28956.150390625,
            "count": 90
        },
        "KartAgent.Environment.EpisodeLength.mean": {
            "value": 270.82978723404256,
            "min": 270.82978723404256,
            "max": 1265.0,
            "count": 90
        },
        "KartAgent.Environment.EpisodeLength.sum": {
            "value": 12729.0,
            "min": 4155.0,
            "max": 15751.0,
            "count": 90
        },
        "KartAgent.Step.mean": {
            "value": 1799813.0,
            "min": 731890.0,
            "max": 1799813.0,
            "count": 90
        },
        "KartAgent.Step.sum": {
            "value": 1799813.0,
            "min": 731890.0,
            "max": 1799813.0,
            "count": 90
        },
        "KartAgent.Policy.ExtrinsicValueEstimate.mean": {
            "value": 0.2040800005197525,
            "min": -0.22684475779533386,
            "max": 0.20460067689418793,
            "count": 90
        },
        "KartAgent.Policy.ExtrinsicValueEstimate.sum": {
            "value": 8.979519844055176,
            "min": -4.3100504875183105,
            "max": 9.002429962158203,
            "count": 90
        },
        "KartAgent.Environment.CumulativeReward.mean": {
            "value": 0.7085530392148278,
            "min": -1.9422167599201203,
            "max": 0.7085530392148278,
            "count": 90
        },
        "KartAgent.Environment.CumulativeReward.sum": {
            "value": 31.176333725452423,
            "min": -22.791167676448822,
            "max": 31.176333725452423,
            "count": 90
        },
        "KartAgent.Policy.ExtrinsicReward.mean": {
            "value": 0.7085530392148278,
            "min": -1.9422167599201203,
            "max": 0.7085530392148278,
            "count": 90
        },
        "KartAgent.Policy.ExtrinsicReward.sum": {
            "value": 31.176333725452423,
            "min": -22.791167676448822,
            "max": 31.176333725452423,
            "count": 90
        },
        "KartAgent.IsTraining.mean": {
            "value": 1.0,
            "min": 1.0,
            "max": 1.0,
            "count": 90
        },
        "KartAgent.IsTraining.sum": {
            "value": 1.0,
            "min": 1.0,
            "max": 1.0,
            "count": 90
        },
        "KartAgent.Losses.PolicyLoss.mean": {
            "value": 0.07032380860075743,
            "min": 0.06423838243252249,
            "max": 0.0802653900341016,
            "count": 87
        },
        "KartAgent.Losses.PolicyLoss.sum": {
            "value": 0.07032380860075743,
            "min": 0.06423838243252249,
            "max": 0.0802653900341016,
            "count": 87
        },
        "KartAgent.Losses.ValueLoss.mean": {
            "value": 0.00028130714665167036,
            "min": 0.00024956072389613836,
            "max": 0.006167613114823825,
            "count": 87
        },
        "KartAgent.Losses.ValueLoss.sum": {
            "value": 0.00028130714665167036,
            "min": 0.00024956072389613836,
            "max": 0.006167613114823825,
            "count": 87
        },
        "KartAgent.Policy.LearningRate.mean": {
            "value": 0.00029892324095891985,
            "min": 0.00029892324095891985,
            "max": 0.00029955540254819916,
            "count": 87
        },
        "KartAgent.Policy.LearningRate.sum": {
            "value": 0.00029892324095891985,
            "min": 0.00029892324095891985,
            "max": 0.00029955540254819916,
            "count": 87
        },
        "KartAgent.Policy.Epsilon.mean": {
            "value": 0.1996410802,
            "min": 0.1996410802,
            "max": 0.19985180080000006,
            "count": 87
        },
        "KartAgent.Policy.Epsilon.sum": {
            "value": 0.1996410802,
            "min": 0.1996410802,
            "max": 0.19985180080000006,
            "count": 87
        },
        "KartAgent.Policy.Beta.mean": {
            "value": 0.0009964466939799998,
            "min": 0.0009964466939799998,
            "max": 0.00099853282792,
            "count": 87
        },
        "KartAgent.Policy.Beta.sum": {
            "value": 0.0009964466939799998,
            "min": 0.0009964466939799998,
            "max": 0.00099853282792,
            "count": 87
        }
    },
    "metadata": {
        "timer_format_version": "0.1.0",
        "start_time_seconds": "1733897704",
        "python_version": "3.7.9 (default, Aug 31 2020, 17:10:11) [MSC v.1916 64 bit (AMD64)]",
        "command_line_arguments": "C:\\Users\\ododo\\miniconda3\\envs\\mla-kart\\Scripts\\mlagents-learn .\\KartAgent.yaml --run-id=Racing2 --resume",
        "mlagents_version": "0.28.0",
        "mlagents_envs_version": "0.28.0",
        "communication_protocol_version": "1.5.0",
        "pytorch_version": "1.7.1+cu110",
        "numpy_version": "1.21.6",
        "end_time_seconds": "1733899873"
    },
    "total": 2169.3124879,
    "count": 1,
    "self": 0.005659100000229955,
    "children": {
        "run_training.setup": {
            "total": 0.1682193999999999,
            "count": 1,
            "self": 0.1682193999999999
        },
        "TrainerController.start_learning": {
            "total": 2169.1386094,
            "count": 1,
            "self": 4.585056299987173,
            "children": {
                "TrainerController._reset_env": {
                    "total": 11.1780521,
                    "count": 1,
                    "self": 11.1780521
                },
                "TrainerController.advance": {
                    "total": 2153.2864971000126,
                    "count": 91860,
                    "self": 1.8202383999873746,
                    "children": {
                        "env_step": {
                            "total": 2151.4662587000253,
                            "count": 91860,
                            "self": 990.3703304000569,
                            "children": {
                                "SubprocessEnvManager._take_step": {
                                    "total": 1159.4299349999844,
                                    "count": 91860,
                                    "self": 9.787000999985594,
                                    "children": {
                                        "TorchPolicy.evaluate": {
                                            "total": 1149.6429339999988,
                                            "count": 90004,
                                            "self": 359.35618630001863,
                                            "children": {
                                                "TorchPolicy.sample_actions": {
                                                    "total": 790.2867476999802,
                                                    "count": 90004,
                                                    "self": 790.2867476999802
                                                }
                                            }
                                        }
                                    }
                                },
                                "workers": {
                                    "total": 1.665993299984006,
                                    "count": 91859,
                                    "self": 0.0,
                                    "children": {
                                        "worker_root": {
                                            "total": 2153.2762073000113,
                                            "count": 91859,
                                            "is_parallel": true,